{"cameraMode":{"drawMode":0,"name":"Shaded","section":"Shading Mode"},"sceneLighting":true,"audioPlay":false,"sceneViewState":{"m_AlwaysRefresh":false,"showFog":true,"showSkybox":true,"showFlares":true,"showImageEffects":true,"showParticleSystems":true,"showVisualEffectGraphs":true,"m_FxEnabled":true},"in2DMode":false,"pivot":{"x":-4.0890421867370609,"y":-16.112812042236329,"z":4.503523826599121},"rotation":{"x":0.49400776624679568,"y":0.02373587153851986,"z":-0.013507038354873658,"w":0.8690477013587952},"size":128.07525634765626,"orthographic":true}